county_j_name,county_j,w_j_emp_data,w_j_county_data,L_j_data,_n_firms_j_data,w_j_emp_norm_data,w_j_county_norm_data,L_j_cf,diff_L_j,L_j_eq
Los Angeles,0,83.554,378140908.586,4525.711,572385,1.0612287045153934,1.061227902790648,2512.5018632735014,-2013.2091367264989,3987.8053924752135
Orange,1,81.403,135232345.686,1661.276,148394,1.0339086127973116,1.0339049266273912,2226.316151210816,565.0401512108158,2108.0161072630262
Riverside,2,59.734,50202249.277,840.433,86446,0.7586882188228273,0.7586856915513841,1358.4633972991048,518.0303972991048,912.8009349914921
San Bernardino,3,62.368,52757761.723,845.908,77170,0.7921429475933655,0.7921456550209813,1501.035439054914,655.1274390549139,984.2788356566402
San Diego,4,82.854,127309240.48,1536.541,133031,1.0523379261785002,1.0523436591177806,1413.6594755622289,-122.88152443777108,1623.3266403635305
Ventura,5,70.487,23702861.713,336.272,31435,0.8952632751894167,0.8952655857936485,1208.3926735994376,872.1206735994376,604.1410892500978
