county_i_name,county_i,H_i_2024_data,H_i_2025_data,N_i_2024_data,N_i_2025_data,L_i_data
Los Angeles,0,3696.405,3726.527,3304.9137583892616,3314.3661073825506,4742.279
Orange,1,1157.564,1163.983,1056.69,1058.4756666666667,1547.549
Riverside,2,882.389,893.304,835.9184563758389,837.4630872483222,1016.166
San Bernardino,3,751.646,758.12,698.524126984127,700.7695238095238,909.384
San Diego,4,1266.919,1280.893,1214.418315018315,1219.8311355311357,1615.443
Ventura,5,297.922,300.727,272.42861842105265,272.69901315789474,389.548
